{
   "BOMREPORT" : "H:/PROJECTS/P2597_B04/worklib/p2597_b04/bom/b2w_bom.rpt",
   "CDS_SITE" : "S:/eda/app/prd/cadence_setup/cds_site",
   "CREATETIME" : "10:5:55AM 10 March 2016 Pacific Standard Time",
   "DESIGN" : "p2597_b04",
   "ENVIRONMENT" : "prd",
   "HOSTNAME" : "DCOGGIN-DT",
   "PROJECT_NUMBER" : "P2597",
   "REVISION" : "B04",
   "SBOMS" : {},
   "SKUS" : {
      "SKU0000" : {
         "QGROUPS" : [
            "DISPLAY",
            "GEN_POWER",
            "DEBUG",
            "HDMI",
            "PEX",
            "ETHERNET",
            "SDCARD",
            "USB",
            "PWR_MON",
            "GPIO",
            "SATA",
            "MECH",
            "CAMERA",
            "IO_CONN",
            "EEPROM",
            "FAN",
            "PARK"
         ],
         "SBOMS" : []
      }
   },
   "USERNAME" : "dcoggin",
   "VARIANT" : "H:/PROJECTS/P2597_B04/worklib/p2597_b04/variant/variant.dat"
}
